rating_x,user_ratings_total_x,num_restaurants,rest_mean_rating,num_bars,bars_mean_rating,num_art_galleries,art_gallery_mean_rating,num_gyms,gyms_mean_rating,num_shopping,shopping_mean_rating,num_tourist_attract,tourist_mean_rating,num_casinos,num_supermarkets,supermarkets_mean_rating
0,4.6,8.0,48,4.594117647058823,4,4.5,0,4.76062109252212,3,4.466666666666666,7,4.42,2,4.65,0,2,3.85
1,5.0,1.0,38,4.523076923076923,3,4.5,0,4.76062109252212,1,4.3,4,4.3,0,4.589234597010132,0,2,3.85
2,4.0,54.0,48,4.594117647058823,4,4.5,0,4.76062109252212,3,4.466666666666666,6,4.325,2,4.65,0,2,3.85
3,3.9,11.0,60,4.586363636363637,25,4.386363636363637,4,4.8,25,4.678947368421052,5,4.75,0,4.589234597010132,0,7,4.775
4,4.8,11.0,60,4.586666666666667,17,4.3199999999999985,4,4.8,19,4.653333333333333,4,5.0,0,4.589234597010132,0,6,4.775
5,4.4,30.0,60,4.491304347826087,20,4.5,1,4.76062109252212,24,4.655555555555555,4,4.833333333333333,0,4.589234597010132,0,6,4.55
6,3.8,75.0,60,4.61860465116279,16,4.335714285714285,4,4.8,15,4.6000000000000005,3,5.0,0,4.589234597010132,0,6,4.7
7,3.9,140.0,60,4.546666666666667,15,4.408333333333334,1,4.76062109252212,20,4.50625,4,4.75,0,4.589234597010132,0,7,4.75
8,4.8,4.0,60,4.535555555555557,7,4.825,1,4.76062109252212,10,4.5125,3,5.0,0,4.589234597010132,0,6,4.62
9,4.5,19.0,60,4.522,15,4.673333333333333,0,4.76062109252212,12,4.6875,9,4.55,0,4.589234597010132,0,5,4.75
10,4.3,4.0,60,4.5673469387755095,17,4.54,1,4.76062109252212,19,4.771428571428572,10,4.49,0,4.589234597010132,0,4,4.733333333333333
11,4.8,5.0,60,4.480357142857144,14,4.627272727272726,0,4.76062109252212,12,4.775,6,4.38,2,4.5,0,6,4.26
12,3.7,53.0,60,4.365384615384615,28,4.323076923076924,0,4.76062109252212,12,3.9625,9,4.4714285714285715,2,4.0,1,10,4.571428571428571
13,4.4,78.0,60,4.268627450980392,33,4.37,0,4.76062109252212,13,4.2,11,4.228571428571429,2,4.0,0,5,4.7
14,3.9,85.0,60,4.380769230769231,31,4.371428571428571,0,4.76062109252212,14,4.222222222222221,12,4.1875,2,4.0,1,6,4.7
15,4.0,237.0,60,4.418867924528302,34,4.33,0,4.76062109252212,15,4.1909090909090905,10,4.333333333333333,2,4.0,1,9,4.616666666666666
16,3.9,7.0,60,4.283999999999999,19,4.270588235294118,0,4.76062109252212,15,4.288888888888889,10,4.4714285714285715,4,4.25,1,8,4.2
17,3.9,97.0,60,4.375925925925927,30,4.3,0,4.76062109252212,18,4.378571428571428,11,4.114285714285715,2,4.0,0,9,4.566666666666666
18,3.7,82.0,60,4.344680851063829,24,4.480952380952381,0,4.76062109252212,12,4.619999999999999,10,4.233333333333333,1,4.589234597010132,0,4,5.0
19,4.0,242.0,60,4.338775510204082,31,4.428571428571429,0,4.76062109252212,14,4.372727272727273,10,4.342857142857143,1,4.589234597010132,0,4,5.0
20,3.8,4.0,60,4.375000000000001,30,4.466666666666667,0,4.76062109252212,14,4.372727272727273,10,4.233333333333333,1,4.589234597010132,0,4,5.0
21,3.7,3.0,60,4.375000000000001,30,4.466666666666667,0,4.76062109252212,14,4.372727272727273,10,4.233333333333333,1,4.589234597010132,0,4,5.0
22,4.3,1454.0,60,4.409259259259258,21,4.411111111111111,3,4.699999999999998,10,4.82,8,4.5,1,4.6,1,3,4.4
23,4.6,1448.0,60,4.38,18,4.306666666666667,3,4.699999999999998,7,5.0,8,4.5,1,4.6,1,3,4.4
24,4.3,1615.0,60,4.379245283018868,11,4.3875,2,4.699999999999998,6,5.0,7,4.5200000000000005,1,4.6,1,2,4.1
25,4.8,42.0,50,4.27906976744186,8,4.32,1,4.8,5,5.0,5,4.55,0,4.589234597010132,1,2,4.1
26,4.4,476.0,60,4.39622641509434,21,4.416666666666667,4,4.8,8,5.0,8,4.5,1,4.6,1,3,4.4
27,3.8,174.0,60,4.377358490566038,16,4.338461538461538,3,4.699999999999998,6,5.0,8,4.5,0,4.589234597010132,1,3,4.4
28,4.4,26.0,60,4.425454545454545,16,4.407692307692306,3,4.699999999999998,6,5.0,8,4.5,0,4.589234597010132,1,3,4.4
29,4.3,28.0,60,4.4407407407407415,20,4.417647058823528,3,4.699999999999998,10,4.82,8,4.5,1,4.6,1,3,4.4
30,4.1,1664.0,60,4.320754716981131,26,4.404545454545455,7,4.5200000000000005,9,4.775,8,4.683333333333334,5,4.5,0,3,4.6
31,4.7,46.0,60,4.44,20,4.416666666666667,2,4.699999999999998,12,4.8500000000000005,7,4.5200000000000005,1,4.6,1,3,4.4
32,4.6,14.0,60,4.3462962962962965,24,4.404761904761905,8,4.566666666666666,13,4.871428571428573,11,4.588888888888889,2,4.699999999999998,1,4,4.449999999999998
33,4.7,3.0,60,4.3462962962962965,24,4.404761904761905,7,4.5200000000000005,13,4.871428571428573,11,4.588888888888889,5,4.5,1,4,4.449999999999998
34,4.8,641.0,60,4.429411764705883,19,4.410526315789474,4,4.333333333333333,11,4.8500000000000005,2,4.65,1,4.6,0,0,4.399347128082186
35,4.6,3364.0,49,4.430769230769231,13,4.43,4,4.333333333333333,9,4.7,3,4.766666666666667,2,4.5,0,0,4.399347128082186
36,4.7,3701.0,22,4.522222222222221,6,4.516666666666667,0,4.76062109252212,6,4.55,1,5.0,1,4.6,0,0,4.399347128082186
37,4.7,33.0,8,4.671428571428573,2,4.550000000000002,0,4.76062109252212,1,4.569126538821495,0,4.6051375013874996,1,4.6,0,0,4.399347128082186
38,4.7,91.0,39,4.465625,9,4.4444444444444455,0,4.76062109252212,7,4.55,1,5.0,1,4.6,0,0,4.399347128082186
39,4.6,98.0,48,4.415384615384615,10,4.4300000000000015,4,4.333333333333333,9,4.7,3,4.766666666666667,1,4.6,0,0,4.399347128082186
40,4.6,13.0,60,4.394117647058823,23,4.4049999999999985,6,4.4,10,4.775,6,4.74,2,4.5,0,1,4.6
41,4.9,59.0,42,4.484375,10,4.512499999999998,4,4.333333333333333,8,4.7,3,4.766666666666667,0,4.589234597010132,0,0,4.399347128082186
42,4.5,56.0,60,4.394117647058823,26,4.418181818181818,6,4.4,10,4.775,7,4.683333333333334,2,4.5,0,3,4.6000000000000005
43,4.7,161.0,39,4.509677419354838,7,4.514285714285714,1,4.8,10,4.775,3,4.4,1,4.6,0,1,4.0
44,4.4,36.0,60,4.39,22,4.405263157894737,5,4.333333333333333,10,4.775,5,4.675,4,4.449999999999998,0,1,4.6
45,4.3,4278.0,60,4.371428571428571,18,4.3533333333333335,5,4.5,8,4.7,3,4.766666666666667,3,4.4,0,1,4.6
46,4.2,93.0,42,4.2147058823529395,10,4.316666666666666,5,4.5,4,4.65,7,4.566666666666666,6,4.566666666666666,1,1,4.6
47,4.2,3313.0,60,4.3679999999999986,23,4.3950000000000005,7,4.5200000000000005,9,4.775,6,4.62,4,4.475,0,3,4.6000000000000005
48,4.6,1809.0,32,4.373076923076924,9,4.4,5,4.5,6,4.7,3,4.766666666666667,3,4.4,0,1,4.6
49,4.6,2656.0,45,4.402857142857143,12,4.377777777777778,5,4.5,7,4.7,3,4.766666666666667,3,4.4,0,1,4.6
50,4.4,1197.0,60,4.369387755102041,21,4.377777777777776,6,4.5,8,4.7,5,4.675000000000002,4,4.475,0,2,4.8
51,5.0,20.0,60,4.3519999999999985,27,4.4173913043478255,7,4.5200000000000005,10,4.775,8,4.683333333333334,4,4.449999999999998,0,3,4.6000000000000005
52,4.5,10.0,60,4.398,26,4.404545454545455,7,4.5200000000000005,9,4.775,7,4.683333333333334,3,4.4,0,3,4.6000000000000005
53,4.4,70.0,60,4.393877551020409,22,4.389473684210526,6,4.5,8,4.7,6,4.62,3,4.4,0,2,4.8
54,4.5,13.0,60,4.393877551020409,27,4.4173913043478255,7,4.5200000000000005,9,4.775,7,4.683333333333334,4,4.449999999999998,0,3,4.6000000000000005
55,4.4,20.0,50,4.410256410256411,12,4.4,5,4.5,8,4.7,3,4.766666666666667,3,4.4,0,1,4.6
56,4.2,12.0,57,4.4261904761904765,8,4.328571428571428,0,4.76062109252212,2,4.5,3,3.95,0,4.589234597010132,0,2,4.1
57,4.6,122.0,52,4.413157894736842,8,4.285714285714286,0,4.76062109252212,1,4.5,2,4.5,0,4.589234597010132,0,2,4.35
58,5.0,1.0,51,4.418918918918919,7,4.283333333333333,0,4.76062109252212,1,4.5,3,3.95,0,4.589234597010132,0,1,4.1
59,4.3,39.0,53,4.21875,11,4.0625,0,4.76062109252212,7,4.1,7,4.375,6,4.466666666666666,3,4,4.125
60,4.4,1906.0,60,4.367857142857143,13,4.2,0,4.76062109252212,6,3.98,8,4.3,6,4.466666666666667,2,5,4.2200000000000015
61,4.7,23.0,60,4.2625,12,3.975,1,4.76062109252212,7,3.96,8,4.12,6,4.333333333333333,5,7,4.25
62,3.6,18.0,60,4.324561403508771,14,4.1000000000000005,1,4.76062109252212,9,4.071428571428571,9,4.3,6,4.466666666666666,2,6,4.28
63,4.7,150.0,60,4.326785714285714,15,4.118181818181818,1,4.76062109252212,11,4.366666666666666,11,4.414285714285715,6,4.333333333333333,5,6,4.2
64,4.4,1267.0,60,4.267857142857142,13,4.0777777777777775,1,4.76062109252212,8,4.133333333333334,8,4.3,6,4.333333333333333,5,6,4.2
65,5.0,31.0,60,4.332142857142856,16,4.141666666666667,1,4.76062109252212,13,4.2799999999999985,11,4.414285714285715,6,4.333333333333333,5,7,4.2
66,4.6,10.0,60,4.326315789473684,15,4.181818181818183,1,4.76062109252212,9,4.071428571428571,9,4.3,6,4.466666666666667,2,6,4.2200000000000015
67,4.4,3585.0,60,4.274545454545455,18,4.40625,0,4.76062109252212,5,4.3599999999999985,13,4.199999999999998,2,4.75,2,3,4.05
68,3.9,4784.0,51,4.4173913043478255,20,4.266666666666668,0,4.76062109252212,2,4.35,8,4.3599999999999985,6,4.466666666666667,3,3,3.95
69,4.3,502.0,60,4.269642857142856,21,4.449999999999998,0,4.76062109252212,5,4.36,14,4.2,2,4.75,2,4,4.05
70,4.2,1151.0,60,4.252830188679245,19,4.4375,0,4.76062109252212,6,4.45,14,4.2,2,4.75,2,5,4.05
71,5.0,5.0,60,4.303571428571429,16,4.4,0,4.76062109252212,4,4.199999999999998,12,4.314285714285714,2,4.75,2,2,4.05
72,4.3,29.0,60,4.354545454545454,19,4.266666666666667,1,4.76062109252212,7,4.033333333333334,8,4.34,2,4.75,1,4,4.166666666666667
73,4.6,1704.0,60,4.283636363636364,16,4.4,0,4.76062109252212,5,4.3599999999999985,13,4.187499999999999,2,4.75,2,3,4.05
74,4.6,299.0,60,4.239622641509436,20,4.470588235294118,0,4.76062109252212,9,4.5125,14,4.2,2,4.75,2,5,4.05
75,4.3,4.0,60,4.318518518518518,19,4.28125,0,4.76062109252212,4,4.199999999999998,8,4.159999999999998,2,4.75,2,4,4.033333333333334
76,4.3,11.0,60,4.281818181818182,16,4.4,0,4.76062109252212,5,4.3599999999999985,13,4.187499999999999,2,4.75,2,3,4.05
77,4.5,22.0,60,4.406896551724138,20,4.266666666666668,1,4.76062109252212,6,3.98,9,4.3,6,4.466666666666667,3,4,4.266666666666667
78,4.6,44.0,60,4.291071428571429,16,4.4,0,4.76062109252212,5,4.3599999999999985,13,4.187499999999999,2,4.75,2,3,4.05
79,4.1,5012.0,60,4.261818181818182,17,4.392857142857143,0,4.76062109252212,5,4.3599999999999985,12,4.187499999999999,2,4.75,2,2,4.05
80,4.5,33.0,60,4.258181818181819,20,4.458823529411765,0,4.76062109252212,6,4.45,14,4.2,1,4.9,2,4,4.05
81,4.6,926.0,60,4.3359999999999985,12,4.55,0,4.76062109252212,15,4.709999999999999,15,4.358333333333333,1,4.3,1,4,4.325
82,4.0,523.0,60,4.335849056603774,18,4.5588235294117645,0,4.76062109252212,19,4.676923076923076,16,4.3538461538461535,1,4.3,1,6,4.325
83,4.0,1461.0,60,4.342307692307694,14,4.5,0,4.76062109252212,10,4.6625,14,4.345454545454545,0,4.589234597010132,1,5,4.325
84,4.5,2143.0,60,4.159259259259258,19,4.4875,0,4.76062109252212,8,4.5,14,4.17,0,4.589234597010132,2,3,4.05
85,4.0,945.0,60,4.335849056603773,19,4.561111111111113,0,4.76062109252212,17,4.663636363636363,16,4.3538461538461535,1,4.3,1,6,4.325
86,4.4,3078.0,60,4.374545454545454,19,4.527777777777779,0,4.76062109252212,11,4.6625000000000005,16,4.3538461538461535,0,4.589234597010132,1,5,4.366666666666666
87,4.9,7.0,60,4.501818181818182,22,4.557142857142857,0,4.76062109252212,14,4.618181818181818,19,4.325,2,4.5,1,8,4.42
88,4.4,369.0,60,4.307547169811322,21,4.511111111111111,0,4.76062109252212,8,4.614285714285714,14,4.209999999999999,0,4.589234597010132,2,3,4.05
89,4.4,74.0,60,4.3452830188679235,18,4.5588235294117645,0,4.76062109252212,19,4.676923076923077,16,4.3538461538461535,1,4.3,1,6,4.325
90,5.0,3.0,60,4.394642857142856,20,4.5578947368421066,0,4.76062109252212,18,4.699999999999998,18,4.324999999999998,0,4.589234597010132,1,7,4.46
91,4.5,264.0,60,4.185185185185185,20,4.4823529411764715,0,4.76062109252212,8,4.5,13,4.188888888888889,0,4.589234597010132,2,3,4.05
92,4.4,84.0,60,4.4431034482758625,20,4.552631578947368,0,4.76062109252212,12,4.699999999999998,18,4.2799999999999985,1,4.589234597010132,1,7,4.425
93,4.3,86.0,60,4.451785714285714,20,4.552631578947368,0,4.76062109252212,12,4.699999999999998,18,4.2799999999999985,1,4.589234597010132,1,7,4.425
94,5.0,18.0,60,4.4519230769230775,21,4.550000000000002,0,4.76062109252212,10,4.6625,18,4.28,2,4.5,1,7,4.425
95,4.8,4.0,60,4.354901960784313,20,4.523529411764706,0,4.76062109252212,9,4.614285714285715,12,4.255555555555556,2,4.5,1,7,4.425
96,4.1,22.0,60,4.335849056603773,16,4.5,0,4.76062109252212,19,4.676923076923076,14,4.358333333333333,1,4.3,1,5,4.325
97,4.8,660.0,60,4.325490196078431,13,4.5307692307692315,0,4.76062109252212,16,4.663636363636363,15,4.358333333333333,1,4.3,1,4,4.325
98,4.0,23.0,60,4.401785714285714,19,4.511111111111111,0,4.76062109252212,20,4.707142857142856,15,4.407692307692306,1,4.3,1,7,4.46
99,4.5,100.0,60,4.19811320754717,18,4.5,0,4.76062109252212,8,4.5,13,4.188888888888889,0,4.589234597010132,2,3,4.05
100,4.0,45.0,60,4.231481481481482,17,4.5,0,4.76062109252212,7,4.614285714285714,14,4.17,0,4.589234597010132,2,3,4.05
101,4.4,3549.0,60,4.413461538461538,17,4.48,0,4.76062109252212,17,4.754545454545454,12,4.4727272727272736,1,4.3,0,2,4.6
102,4.0,3007.0,60,4.502173913043479,23,4.378947368421051,2,5.0,23,4.658823529411765,7,4.633333333333334,1,4.3,0,3,4.6
103,4.6,3173.0,60,4.5219999999999985,20,4.476470588235294,0,4.76062109252212,19,4.791666666666667,8,4.5625,1,4.3,0,2,4.6
104,4.4,370.0,60,4.494117647058824,21,4.483333333333333,1,4.76062109252212,22,4.760000000000002,9,4.611111111111111,1,4.3,0,3,4.733333333333333
105,4.6,1985.0,60,4.526,20,4.476470588235294,0,4.76062109252212,19,4.791666666666667,8,4.5625,1,4.3,0,2,4.6
106,3.9,387.0,60,4.448936170212766,22,4.394444444444444,1,4.76062109252212,25,4.655555555555555,8,4.6625,1,4.3,0,3,4.6
107,3.8,339.0,60,4.47037037037037,19,4.48125,0,4.76062109252212,20,4.776923076923077,11,4.4727272727272736,1,4.3,0,4,4.733333333333333
108,4.2,23.0,60,4.482692307692308,20,4.470588235294118,1,4.76062109252212,22,4.786666666666666,9,4.611111111111111,1,4.3,0,3,4.733333333333333
109,4.4,592.0,60,4.4759259259259245,19,4.48125,0,4.76062109252212,20,4.776923076923077,11,4.4727272727272736,1,4.3,0,4,4.733333333333333
110,4.6,114.0,60,4.526,20,4.476470588235294,0,4.76062109252212,19,4.791666666666667,8,4.5625,1,4.3,0,2,4.6
111,4.3,1215.0,60,4.4407407407407415,19,4.48125,0,4.76062109252212,20,4.792857142857144,14,4.516666666666667,1,4.3,0,4,4.366666666666666
112,4.6,7.0,60,4.466666666666667,18,4.507142857142857,1,4.76062109252212,20,4.764285714285714,6,4.633333333333334,1,4.3,0,1,4.2
113,5.0,2.0,60,4.478571428571429,21,4.5150000000000015,0,4.76062109252212,19,4.807692307692308,15,4.45,0,4.589234597010132,0,6,4.525
114,3.9,588.0,60,4.439215686274509,21,4.511764705882351,1,4.76062109252212,23,4.6875,8,4.6625,1,4.3,0,3,4.733333333333333
115,5.0,4.0,60,4.535849056603773,20,4.494117647058824,1,4.76062109252212,22,4.7733333333333325,9,4.611111111111111,1,4.3,0,4,4.733333333333333
116,4.6,44.0,60,4.503846153846154,20,4.4705882352941195,1,4.76062109252212,21,4.771428571428571,9,4.611111111111111,1,4.3,0,3,4.733333333333333
117,5.0,5.0,60,4.504166666666666,20,4.525,1,4.76062109252212,24,4.8,8,4.6625,1,4.3,0,3,4.733333333333333
118,4.1,85.0,60,4.464150943396227,19,4.476470588235294,0,4.76062109252212,20,4.792857142857144,11,4.4727272727272736,1,4.3,0,4,4.733333333333333
119,4.8,33.0,60,4.441071428571427,20,4.466666666666667,0,4.76062109252212,20,4.792857142857144,13,4.516666666666667,1,4.3,0,5,4.525
120,4.2,206.0,60,4.502173913043479,23,4.378947368421051,2,5.0,23,4.658823529411765,7,4.633333333333334,1,4.3,0,3,4.6
121,4.5,6.0,60,4.370588235294116,16,4.464285714285714,0,4.76062109252212,18,4.775,13,4.4727272727272736,1,4.3,0,3,4.366666666666666
122,4.5,4687.0,60,4.432608695652174,24,4.365,4,4.8,24,4.638888888888889,4,4.6000000000000005,1,4.3,0,4,4.4
123,4.2,11.0,60,4.5085106382978735,21,4.441176470588236,1,4.76062109252212,24,4.655555555555555,5,4.7,0,4.589234597010132,0,6,4.55
124,4.6,37.0,60,4.447916666666667,33,4.3392857142857135,4,4.8,23,4.629411764705882,4,4.75,1,4.3,0,6,4.333333333333333
125,4.5,12.0,60,4.531914893617022,28,4.366666666666667,4,4.8,27,4.655,5,4.6000000000000005,1,4.3,0,4,4.4
126,3.7,32.0,60,4.426923076923077,37,4.390625,5,4.8,25,4.684210526315789,5,4.75,0,4.589234597010132,0,7,4.325
127,4.2,51.0,60,4.396296296296296,37,4.3875,5,4.8,25,4.657894736842105,4,4.5,2,4.75,0,7,4.46
128,4.3,2726.0,60,4.347368421052631,60,4.403636363636363,37,4.760714285714285,17,4.800000000000002,8,4.6000000000000005,23,4.672222222222223,1,6,4.300000000000002
129,4.3,351.0,60,4.416981132075472,60,4.394444444444444,33,4.7375,16,4.790000000000001,6,4.65,13,4.55,1,7,4.300000000000002
130,4.3,831.0,60,4.4245283018867925,60,4.388888888888888,33,4.7375,16,4.79,6,4.65,13,4.55,1,8,4.300000000000002
131,4.2,1432.0,60,4.426415094339623,60,4.388888888888889,33,4.7375,15,4.766666666666668,6,4.65,13,4.55,1,8,4.300000000000002
132,4.3,3.0,60,4.405454545454545,60,4.401851851851851,36,4.751851851851852,17,4.800000000000002,8,4.6000000000000005,19,4.6571428571428575,1,6,4.300000000000002
133,4.4,118.0,60,4.413207547169812,60,4.383636363636364,29,4.75,16,4.73,6,4.65,13,4.55,1,8,4.300000000000002
134,4.8,67.0,60,4.4271186440677965,60,4.44,40,4.77,13,4.842857142857143,8,4.6000000000000005,27,4.65,1,6,4.25
135,4.3,717.0,60,4.453571428571427,50,4.4361702127659575,12,4.6571428571428575,20,4.642857142857143,5,4.65,5,4.42,1,8,4.325
136,4.3,10.0,60,4.416981132075472,60,4.3925925925925915,33,4.7375,16,4.790000000000001,6,4.65,13,4.55,1,7,4.300000000000002
137,4.9,27.0,60,4.351851851851851,60,4.416666666666667,36,4.751851851851852,16,4.800000000000002,9,4.6000000000000005,16,4.627272727272729,1,7,4.300000000000002
138,4.3,4.0,60,4.461818181818182,47,4.447727272727271,10,4.6571428571428575,19,4.615384615384616,6,4.766666666666667,3,4.5,1,7,4.325
139,3.9,344.0,60,4.446428571428573,60,4.4407407407407415,22,4.71875,18,4.608333333333333,6,4.65,10,4.42,1,8,4.300000000000002
140,4.1,23.0,60,4.427272727272729,60,4.422222222222223,36,4.7518518518518515,16,4.800000000000002,7,4.6000000000000005,17,4.633333333333334,1,6,4.300000000000002
141,4.9,7.0,60,4.409090909090909,60,4.412962962962963,36,4.751851851851852,16,4.800000000000002,8,4.6000000000000005,19,4.6571428571428575,1,6,4.300000000000002
142,4.3,137.0,60,4.39622641509434,60,4.412962962962963,36,4.751851851851852,16,4.800000000000002,7,4.6000000000000005,17,4.633333333333333,1,7,4.300000000000002
143,5.0,1.0,60,4.4206896551724135,60,4.412727272727274,37,4.753571428571427,15,4.775,8,4.6000000000000005,24,4.663157894736842,1,6,4.300000000000002
144,4.5,53.0,60,4.328070175438596,60,4.394444444444445,37,4.760714285714285,17,4.800000000000002,8,4.6000000000000005,23,4.672222222222223,1,6,4.300000000000002
145,5.0,2.0,60,4.411111111111111,47,4.437777777777779,18,4.769230769230768,17,4.572727272727271,7,4.766666666666667,4,4.5,1,9,4.340000000000002
146,4.6,25.0,60,4.41090909090909,60,4.4,36,4.751851851851852,16,4.800000000000002,7,4.6000000000000005,17,4.633333333333333,1,7,4.300000000000002
147,4.0,109.0,60,4.4125000000000005,60,4.405555555555555,22,4.71875,17,4.572727272727271,6,4.65,10,4.42,1,8,4.300000000000002
148,4.4,188.0,60,4.4719298245614025,60,4.463636363636363,44,4.778125000000001,11,4.739999999999998,12,4.675,31,4.6269230769230765,1,8,4.583333333333333
149,4.3,114.0,60,4.40677966101695,60,4.427272727272729,42,4.777419354838711,13,4.842857142857143,11,4.642857142857143,28,4.639130434782608,1,6,4.25
150,4.1,9.0,60,4.525490196078431,43,4.45,29,4.738095238095238,7,4.866666666666666,4,4.65,12,4.5125,1,4,4.466666666666666
151,5.0,2.0,60,4.446428571428571,47,4.447727272727271,12,4.6571428571428575,18,4.608333333333333,6,4.766666666666667,3,4.5,1,8,4.325
152,5.0,1.0,60,4.433333333333334,60,4.4407407407407415,22,4.71875,19,4.615384615384615,6,4.65,9,4.42,1,8,4.300000000000002
153,5.0,2.0,60,4.4,60,4.414545454545455,42,4.77741935483871,13,4.842857142857143,11,4.642857142857143,28,4.639130434782608,1,6,4.25
154,3.9,1295.0,60,4.512727272727274,60,4.476666666666668,60,4.8100000000000005,12,4.5125,13,4.711111111111111,39,4.676470588235294,0,11,4.533333333333333
155,4.3,826.0,60,4.514545454545455,60,4.479661016949152,60,4.8675000000000015,11,4.628571428571427,13,4.711111111111111,36,4.677419354838711,0,10,4.585714285714286
156,4.5,426.0,60,4.512727272727274,60,4.4816666666666665,60,4.8100000000000005,12,4.5125,13,4.711111111111111,39,4.6764705882352935,0,11,4.6
157,3.9,430.0,60,4.538181818181818,60,4.489999999999998,60,4.814634146341462,13,4.5125,13,4.711111111111111,33,4.699999999999998,0,12,4.43
158,3.8,197.0,60,4.541818181818182,60,4.486666666666667,60,4.862500000000002,12,4.628571428571429,13,4.711111111111111,34,4.699999999999998,0,12,4.43
159,3.9,285.0,60,4.5218181818181815,60,4.455357142857143,57,4.815,12,4.614285714285714,13,4.655555555555555,34,4.634482758620691,1,9,4.614285714285714
160,4.0,143.0,60,4.512727272727274,60,4.485,60,4.81,12,4.5125,13,4.711111111111111,39,4.676470588235294,0,11,4.6
161,3.8,126.0,60,4.538181818181818,60,4.4816666666666665,60,4.814634146341462,13,4.5125,13,4.711111111111111,33,4.699999999999998,0,12,4.43
162,4.9,118.0,60,4.53090909090909,60,4.475,60,4.821428571428571,13,4.637499999999998,14,4.69,35,4.6466666666666665,1,9,4.614285714285715
163,4.4,9.0,60,4.57090909090909,60,4.486666666666666,60,4.821428571428571,13,4.6375,15,4.699999999999998,39,4.655882352941176,1,12,4.566666666666666
164,4.1,49.0,60,4.5375,60,4.48,52,4.841176470588235,13,4.5125,13,4.711111111111112,29,4.693103448275863,0,12,4.3900000000000015
165,4.6,63.0,60,4.5125,60,4.5216666666666665,51,4.839393939393941,13,4.5125,13,4.711111111111111,29,4.693103448275863,0,10,4.3625
166,4.2,423.0,60,4.516363636363637,60,4.4783333333333335,60,4.847500000000001,13,4.5125,14,4.711111111111111,35,4.699999999999998,0,12,4.39
167,4.5,161.0,60,4.530357142857143,60,4.493103448275861,55,4.841666666666668,13,4.5125,13,4.711111111111112,30,4.696666666666668,0,11,4.400000000000001
168,3.7,87.0,60,4.54,60,4.493333333333334,60,4.8619047619047615,12,4.628571428571429,13,4.711111111111111,34,4.699999999999998,0,13,4.427272727272729
169,4.6,190.0,60,4.54,60,4.483333333333333,60,4.825581395348837,12,4.6375,15,4.699999999999998,39,4.655882352941176,1,12,4.566666666666666
170,4.2,17.0,60,4.5339285714285715,60,4.475,52,4.841176470588237,13,4.5125,13,4.711111111111112,29,4.693103448275863,0,12,4.3900000000000015
171,4.4,34.0,60,4.53090909090909,60,4.48,60,4.8625,12,4.628571428571427,13,4.711111111111111,38,4.675757575757577,0,11,4.6
172,3.9,24.0,60,4.53090909090909,60,4.48,60,4.8625,12,4.628571428571427,13,4.711111111111111,38,4.675757575757577,0,11,4.6
173,4.4,105.0,60,4.57090909090909,60,4.4849999999999985,60,4.823809523809524,14,4.6375,15,4.699999999999998,39,4.655882352941176,1,12,4.566666666666666
174,4.5,115.0,60,4.516363636363637,60,4.489830508474576,60,4.861363636363637,11,4.628571428571427,15,4.699999999999998,38,4.675757575757577,0,11,4.6000000000000005
175,4.3,44.0,60,4.5181818181818185,60,4.477966101694915,60,4.8690476190476195,11,4.628571428571427,14,4.74,38,4.6757575757575776,0,11,4.6000000000000005
176,5.0,2.0,60,4.53090909090909,60,4.4816666666666665,60,4.8625,12,4.628571428571427,13,4.711111111111111,38,4.675757575757577,0,11,4.6
177,4.7,188.0,60,4.543636363636363,60,4.476666666666667,60,4.858139534883722,12,4.628571428571427,15,4.699999999999998,38,4.675757575757575,0,13,4.43
178,4.8,60.0,60,4.52,60,4.455357142857143,57,4.815,12,4.614285714285714,13,4.655555555555555,34,4.634482758620691,1,9,4.614285714285714
179,4.6,190.0,60,4.514814814814814,60,4.451785714285714,56,4.812820512820513,10,4.56,13,4.655555555555555,33,4.625,1,8,4.633333333333333
180,5.0,7.0,60,4.519298245614037,60,4.45,51,4.797222222222222,10,4.56,13,4.655555555555555,32,4.611111111111111,1,8,4.583333333333333
181,4.9,18.0,60,4.52280701754386,60,4.45,52,4.802702702702703,11,4.633333333333333,13,4.655555555555555,33,4.625,1,7,4.7
182,3.8,57.0,60,4.525,60,4.471666666666667,59,4.8100000000000005,13,4.5125,13,4.711111111111112,33,4.699999999999998,0,12,4.3900000000000015
183,5.0,5.0,60,4.526785714285714,60,4.515,53,4.841176470588237,13,4.5125,13,4.711111111111111,30,4.696666666666668,0,11,4.4
184,4.3,16.0,60,4.53090909090909,60,4.465517241379311,60,4.821428571428573,13,4.637499999999998,13,4.655555555555555,34,4.634482758620691,1,10,4.574999999999998
185,4.4,152.0,60,4.533928571428572,60,4.459999999999999,58,4.805128205128205,13,4.5125,13,4.711111111111112,33,4.699999999999998,0,12,4.3900000000000015
186,4.7,40.0,60,4.538181818181818,60,4.51864406779661,60,4.819047619047619,11,4.585714285714286,15,4.699999999999998,39,4.6617647058823515,1,10,4.614285714285715
187,5.0,6.0,60,4.536363636363637,60,4.466666666666666,60,4.825581395348837,12,4.628571428571427,15,4.699999999999998,38,4.675757575757575,0,12,4.566666666666666
188,4.5,10.0,60,4.534545454545455,60,4.479661016949152,60,4.814285714285715,12,4.637499999999998,14,4.69,36,4.6483870967741945,1,11,4.574999999999998
189,4.7,16.0,60,4.534545454545454,60,4.479661016949152,60,4.814285714285714,12,4.637499999999998,13,4.655555555555555,36,4.6483870967741945,1,11,4.574999999999998
190,4.0,446.0,60,4.467272727272726,60,4.52542372881356,31,4.845,8,4.4,8,4.866666666666667,12,4.716666666666667,0,8,4.25
191,3.8,2240.0,60,4.476785714285715,60,4.51864406779661,34,4.859090909090909,9,4.3500000000000005,9,4.842857142857143,14,4.685714285714285,0,9,4.357142857142857
192,4.4,2277.0,60,4.480357142857144,60,4.4849999999999985,41,4.8500000000000005,10,4.442857142857143,10,4.7375,19,4.663157894736842,0,10,4.362500000000002
193,4.4,278.0,60,4.492857142857141,60,4.486666666666666,41,4.852,10,4.442857142857143,10,4.7375,17,4.6647058823529415,0,10,4.3625
194,4.1,632.0,60,4.519642857142856,60,4.5067796610169495,46,4.8566666666666665,11,4.442857142857143,13,4.711111111111111,27,4.696296296296297,0,10,4.362500000000002
195,3.8,765.0,60,4.539285714285715,60,4.471666666666667,46,4.8566666666666665,13,4.5125,13,4.711111111111112,28,4.689285714285715,0,12,4.3900000000000015
196,4.3,672.0,60,4.526785714285714,60,4.486440677966102,44,4.8464285714285715,11,4.442857142857143,13,4.711111111111111,27,4.677777777777779,0,11,4.400000000000001
197,4.2,181.0,60,4.485714285714286,60,4.483333333333333,43,4.855555555555554,11,4.442857142857143,11,4.7375,24,4.683333333333334,0,10,4.362500000000002
198,4.5,285.0,60,4.485714285714286,60,4.488333333333333,42,4.8500000000000005,10,4.442857142857143,10,4.7375,22,4.677272727272726,0,10,4.362500000000002
199,4.3,299.0,60,4.485714285714286,60,4.488333333333333,43,4.855555555555554,10,4.442857142857143,10,4.7375,22,4.677272727272726,0,10,4.362500000000002
200,4.3,83.0,60,4.4875,60,4.498305084745764,38,4.8625,10,4.442857142857143,10,4.7375,15,4.6866666666666665,0,9,4.357142857142857
201,4.3,106.0,60,4.474545454545455,60,4.544067796610169,32,4.842857142857143,9,4.5,6,4.800000000000002,12,4.733333333333333,0,9,4.357142857142857
202,4.5,308.0,60,4.478571428571429,60,4.53220338983051,35,4.856521739130434,10,4.442857142857143,8,4.866666666666667,15,4.6866666666666665,0,9,4.357142857142857
203,4.7,159.0,60,4.482142857142857,60,4.538983050847459,34,4.842857142857143,10,4.442857142857143,7,4.840000000000002,14,4.707142857142856,0,9,4.357142857142857
204,4.6,45.0,60,4.492857142857143,60,4.476666666666668,42,4.85,10,4.442857142857143,10,4.7375,17,4.6647058823529415,0,10,4.3625
205,4.5,103.0,60,4.472727272727271,60,4.535593220338981,30,4.847368421052631,8,4.4,6,4.800000000000002,12,4.716666666666667,0,7,4.25
206,4.7,242.0,60,4.546428571428573,60,4.475,46,4.8566666666666665,13,4.5125,13,4.711111111111112,27,4.677777777777779,0,13,4.390909090909092
207,4.3,172.0,60,4.4750000000000005,60,4.528813559322034,34,4.842857142857143,10,4.442857142857143,8,4.866666666666667,15,4.6866666666666665,0,9,4.357142857142857
208,4.6,25.0,60,4.4875,60,4.473333333333334,41,4.85,10,4.442857142857143,10,4.7375,17,4.6647058823529415,0,10,4.3625
209,4.3,16.0,60,4.523214285714286,60,4.518644067796608,46,4.8566666666666665,12,4.442857142857143,13,4.711111111111111,28,4.689285714285715,0,11,4.400000000000001
210,4.0,368.0,60,4.519642857142856,60,4.508474576271189,46,4.8566666666666665,11,4.442857142857143,13,4.711111111111111,27,4.696296296296297,0,10,4.362500000000002
211,4.5,38.0,60,4.523214285714285,60,4.518644067796608,46,4.8566666666666665,12,4.442857142857143,13,4.711111111111111,28,4.689285714285715,0,11,4.400000000000001
212,4.1,14.0,60,4.544642857142857,60,4.5,49,4.8516129032258055,13,4.5125,13,4.711111111111112,29,4.693103448275863,0,13,4.3909090909090915
213,4.1,185.0,60,4.546428571428573,60,4.4783333333333335,46,4.8566666666666665,13,4.5125,13,4.711111111111112,27,4.677777777777779,0,13,4.390909090909092
214,4.9,10.0,60,4.5,60,4.533333333333333,40,4.862500000000002,10,4.442857142857143,9,4.842857142857143,18,4.655555555555557,0,11,4.4
215,4.7,46.0,60,4.539285714285715,60,4.494915254237288,46,4.8566666666666665,13,4.5125,13,4.711111111111111,28,4.689285714285715,0,11,4.400000000000001
216,4.8,100.0,60,4.5375000000000005,60,4.468333333333333,46,4.8566666666666665,13,4.5125,13,4.711111111111112,28,4.689285714285715,0,12,4.3900000000000015
217,4.0,110.0,60,4.485714285714286,60,4.4816666666666665,42,4.855555555555554,11,4.442857142857143,11,4.7375,24,4.683333333333334,0,10,4.362500000000002
218,4.4,187.0,60,4.478571428571429,60,4.505084745762712,38,4.856521739130434,10,4.442857142857143,9,4.842857142857143,15,4.6866666666666665,0,9,4.357142857142857
219,4.8,8.0,60,4.4875,60,4.471666666666667,39,4.85,9,4.3500000000000005,10,4.7375,15,4.6800000000000015,0,10,4.362500000000002
220,4.6,5.0,60,4.485714285714286,60,4.505084745762712,37,4.8625,9,4.3500000000000005,10,4.7375,15,4.6866666666666665,0,10,4.3625
221,5.0,2.0,60,4.483928571428573,60,4.5118644067796625,39,4.856521739130434,10,4.442857142857143,9,4.842857142857143,18,4.655555555555557,0,9,4.357142857142857
222,3.9,21.0,60,4.482142857142857,60,4.510169491525424,35,4.842857142857143,10,4.442857142857143,8,4.866666666666666,18,4.655555555555557,0,9,4.357142857142857
223,5.0,10.0,60,4.482142857142857,60,4.5203389830508485,36,4.842857142857143,10,4.442857142857143,8,4.866666666666666,18,4.655555555555557,0,10,4.4
224,4.6,5.0,60,4.467272727272726,60,4.5288135593220336,31,4.845,8,4.4,7,4.840000000000002,12,4.716666666666667,0,8,4.25
225,4.6,41.0,60,4.485714285714286,60,4.531666666666665,37,4.8500000000000005,10,4.442857142857143,8,4.866666666666666,18,4.655555555555557,0,11,4.4
226,4.7,20.0,60,4.4821428571428585,60,4.516949152542373,34,4.842857142857143,10,4.442857142857143,6,4.800000000000002,15,4.693333333333333,0,9,4.357142857142857
227,3.8,43.0,60,4.467272727272729,60,4.544067796610169,32,4.842857142857143,9,4.5,6,4.800000000000002,12,4.733333333333333,0,9,4.357142857142857
228,4.9,12.0,60,4.5555555555555545,60,4.566666666666666,45,4.846666666666667,11,4.628571428571427,9,4.766666666666667,18,4.638888888888889,0,13,4.390909090909092
229,4.2,17.0,60,4.572727272727271,60,4.546551724137932,40,4.845833333333334,10,4.442857142857143,9,4.842857142857143,16,4.6625,0,12,4.3900000000000015
230,4.7,3.0,60,4.56,60,4.566666666666666,43,4.860714285714286,11,4.628571428571427,9,4.766666666666667,16,4.643750000000002,0,11,4.377777777777778
231,4.2,18.0,60,4.576363636363637,60,4.57719298245614,35,4.922727272727274,10,4.733333333333333,8,4.766666666666667,15,4.6400000000000015,0,11,4.377777777777776
232,3.7,55.0,60,4.544444444444445,60,4.5508771929824565,47,4.851612903225806,12,4.628571428571427,13,4.711111111111111,28,4.692857142857143,0,12,4.4300000000000015
233,4.5,11.0,60,4.574545454545454,60,4.566071428571427,33,4.931578947368421,10,4.566666666666666,7,4.82,16,4.65,0,12,4.39
234,4.0,28.0,60,4.697872340425532,10,4.6400000000000015,5,4.9,3,4.55,1,4.6051375013874996,5,4.6,0,3,4.466666666666667
235,4.2,5.0,60,4.505357142857143,60,4.528333333333333,36,4.842857142857143,10,4.442857142857143,7,4.840000000000002,16,4.68125,0,12,4.39
236,4.3,184.0,60,4.7139999999999995,16,4.63125,4,4.8,7,4.65,1,4.6051375013874996,4,4.5,0,9,4.3
237,4.8,182.0,60,4.545454545454546,60,4.4833333333333325,60,4.857142857142857,12,4.628571428571429,14,4.711111111111111,36,4.699999999999998,0,14,4.427272727272729
238,5.0,1.0,60,4.6787234042553205,32,4.622580645161291,10,4.92,8,4.65,2,4.6051375013874996,9,4.566666666666666,0,8,4.371428571428572
239,5.0,4.0,60,4.626530612244899,39,4.5555555555555545,24,4.935714285714285,8,4.68,2,4.6051375013874996,9,4.611111111111111,0,12,4.44
240,4.7,7.0,60,4.574545454545454,60,4.496666666666666,60,4.857142857142857,12,4.628571428571427,12,4.6571428571428575,34,4.662068965517242,0,14,4.427272727272729
241,5.0,8.0,60,4.533928571428572,60,4.503333333333333,57,4.805263157894737,13,4.5125,13,4.711111111111111,30,4.696551724137931,0,12,4.43
242,5.0,4.0,60,4.5600000000000005,60,4.55,33,4.8315789473684205,10,4.442857142857143,7,4.84,13,4.630769230769231,0,12,4.3900000000000015
243,4.6,738.0,5,4.45,0,4.459019317900204,0,4.76062109252212,1,4.569126538821495,0,4.6051375013874996,1,4.7,0,0,4.399347128082186
244,4.1,1760.0,60,4.4517857142857125,60,4.54406779661017,30,4.847368421052631,6,4.4,4,4.766666666666667,8,4.8375,0,7,4.25
245,4.4,198.0,5,4.45,0,4.459019317900204,0,4.76062109252212,1,4.569126538821495,0,4.6051375013874996,1,4.7,0,0,4.399347128082186
246,4.7,1001.0,5,4.45,0,4.459019317900204,0,4.76062109252212,1,4.569126538821495,0,4.6051375013874996,1,4.7,0,0,4.399347128082186
247,3.6,950.0,60,4.451785714285714,60,4.540677966101693,24,4.806666666666667,4,4.5,2,4.9,8,4.8375,0,5,4.325
248,4.2,25.0,60,4.457894736842103,60,4.542372881355932,30,4.847368421052631,6,4.4,4,4.766666666666667,8,4.8375,0,6,4.1
249,4.5,59.0,5,4.45,0,4.459019317900204,0,4.76062109252212,1,4.569126538821495,0,4.6051375013874996,1,4.7,0,0,4.399347128082186
250,4.6,91.0,5,4.45,0,4.459019317900204,0,4.76062109252212,1,4.569126538821495,0,4.6051375013874996,1,4.7,0,0,4.399347128082186
251,4.6,1871.0,5,4.45,0,4.459019317900204,0,4.76062109252212,1,4.569126538821495,0,4.6051375013874996,1,4.7,0,0,4.399347128082186
252,4.8,165.0,60,4.411538461538461,42,4.536585365853658,7,4.5200000000000005,2,3.7,1,4.8,4,4.775,0,2,4.25
253,4.5,322.0,5,4.45,0,4.459019317900204,0,4.76062109252212,1,4.569126538821495,0,4.6051375013874996,1,4.7,0,0,4.399347128082186
254,5.0,7.0,6,4.633333333333334,0,4.459019317900204,0,4.76062109252212,1,4.569126538821495,0,4.6051375013874996,1,4.7,0,0,4.399347128082186
255,4.7,102.0,6,4.633333333333334,0,4.459019317900204,0,4.76062109252212,1,4.569126538821495,0,4.6051375013874996,1,4.7,0,0,4.399347128082186
256,5.0,5.0,34,4.3,13,4.466666666666668,2,4.35,2,3.7,0,4.6051375013874996,1,4.7,0,1,4.0
257,5.0,6.0,30,4.404761904761905,12,4.445454545454545,2,4.35,2,3.7,0,4.6051375013874996,2,4.7,0,1,4.0
258,4.3,12.0,7,4.475,0,4.459019317900204,0,4.76062109252212,1,4.569126538821495,0,4.6051375013874996,1,4.7,0,0,4.399347128082186
259,5.0,15.0,60,4.411764705882354,36,4.53142857142857,6,4.425,2,3.7,0,4.6051375013874996,1,4.7,0,1,4.0
260,4.8,12.0,5,4.45,0,4.459019317900204,0,4.76062109252212,1,4.569126538821495,0,4.6051375013874996,1,4.7,0,0,4.399347128082186
261,4.6,18.0,5,4.45,0,4.459019317900204,0,4.76062109252212,1,4.569126538821495,0,4.6051375013874996,1,4.7,0,0,4.399347128082186
262,4.0,6.0,60,4.4672413793103445,60,4.540677966101693,30,4.847368421052631,6,4.5,3,4.9,8,4.8375,0,6,4.1
263,4.8,41.0,60,4.455357142857143,60,4.53728813559322,26,4.81875,5,4.5,3,4.9,8,4.8375,0,5,4.325
264,5.0,2.0,60,4.467272727272726,60,4.54406779661017,32,4.842857142857143,9,4.5,5,4.766666666666667,11,4.745454545454546,0,8,4.25
265,4.4,681.0,60,4.364150943396226,47,4.532608695652175,12,4.6625,2,4.35,2,4.9,5,4.76,0,2,4.25
266,4.7,82.0,60,4.418,34,4.5303030303030285,4,4.425,2,3.7,0,4.6051375013874996,2,4.7,0,1,4.0
267,4.5,79.0,60,4.455357142857143,60,4.535593220338981,26,4.81875,5,4.5,3,4.9,8,4.8375,0,5,4.325
268,4.9,33.0,8,4.46,2,4.550000000000002,0,4.76062109252212,1,4.569126538821495,0,4.6051375013874996,1,4.7,0,0,4.399347128082186
269,4.8,10.0,5,4.45,0,4.459019317900204,0,4.76062109252212,1,4.569126538821495,0,4.6051375013874996,1,4.7,0,0,4.399347128082186
270,4.6,28.0,8,4.46,2,4.550000000000002,0,4.76062109252212,1,4.569126538821495,0,4.6051375013874996,1,4.7,0,0,4.399347128082186
271,4.1,26.0,60,4.355555555555555,54,4.530188679245283,18,4.766666666666667,2,4.35,3,4.9,6,4.8,0,4,4.333333333333333
272,4.4,40.0,9,4.466666666666667,3,4.533333333333334,0,4.76062109252212,1,4.569126538821495,0,4.6051375013874996,1,4.7,0,0,4.399347128082186
273,3.9,48.0,60,4.447272727272726,60,4.540677966101693,30,4.847368421052631,5,4.5,3,4.9,8,4.8375,0,5,4.325
274,4.8,6.0,14,4.466666666666667,3,4.533333333333334,0,4.76062109252212,1,4.569126538821495,0,4.6051375013874996,1,4.7,0,0,4.399347128082186
275,4.9,27.0,12,4.442857142857143,3,4.533333333333334,0,4.76062109252212,1,4.569126538821495,0,4.6051375013874996,1,4.7,0,0,4.399347128082186
276,4.4,1641.0,0,4.447123477468351,0,4.459019317900204,0,4.76062109252212,0,4.569126538821495,0,4.6051375013874996,0,4.589234597010132,0,0,4.399347128082186
277,4.6,1795.0,0,4.447123477468351,0,4.459019317900204,0,4.76062109252212,0,4.569126538821495,0,4.6051375013874996,1,4.6,0,0,4.399347128082186
278,4.7,743.0,0,4.447123477468351,0,4.459019317900204,0,4.76062109252212,0,4.569126538821495,0,4.6051375013874996,0,4.589234597010132,0,0,4.399347128082186
279,4.2,795.0,18,4.2625,6,4.05,0,4.76062109252212,0,4.569126538821495,0,4.6051375013874996,3,4.266666666666667,0,0,4.399347128082186
280,4.8,26.0,1,4.3,0,4.459019317900204,0,4.76062109252212,0,4.569126538821495,0,4.6051375013874996,1,4.6,0,0,4.399347128082186
281,4.9,15.0,2,4.449999999999998,0,4.459019317900204,0,4.76062109252212,0,4.569126538821495,0,4.6051375013874996,2,4.65,0,0,4.399347128082186
282,4.4,8.0,1,4.1,0,4.459019317900204,0,4.76062109252212,0,4.569126538821495,0,4.6051375013874996,0,4.589234597010132,0,0,4.399347128082186
283,4.5,4.0,4,4.6,0,4.459019317900204,1,4.76062109252212,0,4.569126538821495,1,5.0,2,4.6,0,0,4.399347128082186
284,4.2,2039.0,1,4.1,0,4.459019317900204,0,4.76062109252212,0,4.569126538821495,0,4.6051375013874996,0,4.589234597010132,0,0,4.399347128082186
285,4.6,2660.0,1,4.6,0,4.459019317900204,0,4.76062109252212,0,4.569126538821495,0,4.6051375013874996,0,4.589234597010132,0,0,4.399347128082186
286,4.1,7.0,0,4.447123477468351,0,4.459019317900204,0,4.76062109252212,0,4.569126538821495,0,4.6051375013874996,0,4.589234597010132,0,0,4.399347128082186
287,4.8,17.0,0,4.447123477468351,0,4.459019317900204,0,4.76062109252212,0,4.569126538821495,0,4.6051375013874996,0,4.589234597010132,0,0,4.399347128082186
288,4.7,112.0,1,4.6,0,4.459019317900204,0,4.76062109252212,0,4.569126538821495,0,4.6051375013874996,1,4.7,0,0,4.399347128082186
289,5.0,6.0,12,4.181818181818182,5,4.28,0,4.76062109252212,0,4.569126538821495,0,4.6051375013874996,1,4.5,0,0,4.399347128082186
290,4.5,39.0,16,4.253333333333334,5,3.98,0,4.76062109252212,0,4.569126538821495,0,4.6051375013874996,1,4.5,0,0,4.399347128082186
291,4.1,19.0,18,4.2625,6,4.05,0,4.76062109252212,0,4.569126538821495,0,4.6051375013874996,1,4.5,0,0,4.399347128082186
292,4.9,9.0,17,4.262499999999998,6,4.05,0,4.76062109252212,0,4.569126538821495,0,4.6051375013874996,1,4.5,0,0,4.399347128082186
293,4.8,6.0,17,4.262499999999998,6,4.05,0,4.76062109252212,0,4.569126538821495,0,4.6051375013874996,1,4.5,0,0,4.399347128082186
294,4.6,11.0,0,4.447123477468351,0,4.459019317900204,0,4.76062109252212,0,4.569126538821495,0,4.6051375013874996,1,4.6,0,0,4.399347128082186
295,4.7,382.0,0,4.447123477468351,0,4.459019317900204,0,4.76062109252212,0,4.569126538821495,0,4.6051375013874996,0,4.589234597010132,0,0,4.399347128082186
296,4.7,291.0,1,4.1,0,4.459019317900204,0,4.76062109252212,0,4.569126538821495,0,4.6051375013874996,0,4.589234597010132,0,0,4.399347128082186
297,4.4,16.0,1,4.1,0,4.459019317900204,0,4.76062109252212,0,4.569126538821495,0,4.6051375013874996,0,4.589234597010132,0,0,4.399347128082186
298,4.5,59.0,3,4.6000000000000005,0,4.459019317900204,1,4.76062109252212,0,4.569126538821495,1,5.0,2,4.6,0,0,4.399347128082186
299,4.8,11.0,1,4.1,0,4.459019317900204,0,4.76062109252212,0,4.569126538821495,0,4.6051375013874996,0,4.589234597010132,0,0,4.399347128082186
300,3.7,3.0,1,4.6,0,4.459019317900204,0,4.76062109252212,0,4.569126538821495,0,4.6051375013874996,0,4.589234597010132,0,0,4.399347128082186
301,4.4,8.0,0,4.447123477468351,0,4.459019317900204,0,4.76062109252212,0,4.569126538821495,0,4.6051375013874996,0,4.589234597010132,0,0,4.399347128082186
302,4.9,7.0,3,4.6000000000000005,0,4.459019317900204,1,4.76062109252212,0,4.569126538821495,1,5.0,2,4.6,0,0,4.399347128082186
303,4.7,43.0,0,4.447123477468351,0,4.459019317900204,0,4.76062109252212,0,4.569126538821495,0,4.6051375013874996,0,4.589234597010132,0,0,4.399347128082186
304,5.0,5.0,0,4.447123477468351,0,4.459019317900204,0,4.76062109252212,0,4.569126538821495,0,4.6051375013874996,0,4.589234597010132,0,0,4.399347128082186
305,4.9,11.0,0,4.447123477468351,0,4.459019317900204,0,4.76062109252212,0,4.569126538821495,0,4.6051375013874996,0,4.589234597010132,0,0,4.399347128082186
306,4.5,20.0,0,4.447123477468351,0,4.459019317900204,0,4.76062109252212,0,4.569126538821495,0,4.6051375013874996,0,4.589234597010132,0,0,4.399347128082186
307,5.0,3.0,0,4.447123477468351,0,4.459019317900204,0,4.76062109252212,0,4.569126538821495,0,4.6051375013874996,0,4.589234597010132,0,0,4.399347128082186
308,4.8,5.0,0,4.447123477468351,0,4.459019317900204,0,4.76062109252212,0,4.569126538821495,0,4.6051375013874996,0,4.589234597010132,0,0,4.399347128082186
309,5.0,3.0,5,4.45,0,4.459019317900204,0,4.76062109252212,1,4.569126538821495,0,4.6051375013874996,1,4.7,0,0,4.399347128082186
310,4.4,61.0,28,4.55,6,4.55,0,4.76062109252212,1,4.569126538821495,1,4.6051375013874996,4,4.6000000000000005,0,1,4.399347128082186
311,4.6,6216.0,38,4.575,6,4.55,0,4.76062109252212,3,4.7,2,4.6,3,4.4,0,1,4.399347128082186
312,4.6,2971.0,26,4.536842105263158,4,4.75,0,4.76062109252212,3,4.7,1,4.6,1,4.8,0,0,4.399347128082186
313,4.7,1574.0,24,4.552941176470589,4,4.75,0,4.76062109252212,3,4.7,1,4.6,1,4.8,0,0,4.399347128082186
314,4.6,59.0,21,4.553333333333333,5,4.566666666666666,0,4.76062109252212,2,4.569126538821495,2,4.699999999999998,1,4.8,0,0,4.399347128082186
315,4.3,1873.0,28,4.55,6,4.55,0,4.76062109252212,1,4.569126538821495,1,4.6051375013874996,3,4.4,0,1,4.399347128082186
316,4.7,1352.0,30,4.560869565217391,4,4.75,0,4.76062109252212,3,4.7,1,4.6,1,4.8,0,0,4.399347128082186
317,4.6,41.0,28,4.55,6,4.55,0,4.76062109252212,1,4.569126538821495,1,4.6051375013874996,4,4.6000000000000005,0,1,4.399347128082186
318,4.8,336.0,26,4.536842105263158,4,4.75,0,4.76062109252212,3,4.7,1,4.6,1,4.8,0,0,4.399347128082186
319,4.7,453.0,26,4.536842105263158,4,4.75,0,4.76062109252212,3,4.7,1,4.6,1,4.8,0,0,4.399347128082186
320,4.7,77.0,26,4.536842105263158,4,4.75,0,4.76062109252212,3,4.7,1,4.6,1,4.8,0,0,4.399347128082186
321,4.5,501.0,30,4.504,7,4.58,0,4.76062109252212,2,4.569126538821495,2,4.699999999999998,1,4.8,0,1,4.399347128082186
322,5.0,27.0,18,4.535714285714286,2,4.5,0,4.76062109252212,3,4.7,1,4.6,1,4.8,0,0,4.399347128082186
323,4.7,101.0,16,4.558333333333334,1,4.459019317900204,0,4.76062109252212,3,4.7,1,4.6,1,4.8,0,0,4.399347128082186
324,4.8,371.0,24,4.552941176470589,4,4.75,0,4.76062109252212,3,4.7,1,4.6,1,4.8,0,0,4.399347128082186
325,3.8,29.0,34,4.589655172413793,6,4.55,0,4.76062109252212,2,4.569126538821495,2,4.6,3,4.4,0,1,4.399347128082186
326,4.8,437.0,14,4.500000000000001,1,4.459019317900204,0,4.76062109252212,1,4.569126538821495,2,4.699999999999998,1,4.8,0,0,4.399347128082186
327,4.9,63.0,23,4.562500000000001,4,4.75,0,4.76062109252212,3,4.7,1,4.6,1,4.8,0,0,4.399347128082186
328,4.6,15.0,9,4.3500000000000005,0,4.459019317900204,0,4.76062109252212,0,4.569126538821495,2,4.8,1,4.8,0,0,4.399347128082186
